Flare_ID,Date,Time (UT),flare_class,EO_tstart,EO_tpeak,EO_tend,EO_xcen,EO_ycen,depec_file
20190415193100,2019-04-15,19:31:00,B3.3,2019-04-15 19:30:04,2019-04-15 19:32:21,2019-04-15 19:33:11,519.1,152.3,EOVSA_20190415_B3flare
20210417164600,2021-04-17,16:46:00,B9.0,2021-04-17 16:41:53,2021-04-17 16:51:29,2021-04-17 16:54:20,,,EOVSA_20210417_B9flare
20210419233600,2021-04-19,23:36:00,M1.0,2021-04-19 23:32:11,2021-04-19 23:55:20,2021-04-19 23:59:29,,,EOVSA_20210419_M1flare
20210505223000,2021-05-05,22:30:00,B5.0,2021-05-05 22:28:00,2021-05-05 22:30:00,2021-05-05 22:32:00,-666.8,-143.4,EOVSA_20210505_B1flare
20210507190000,2021-05-07,19:00:00,M4.0,2021-05-07 18:50:32,2021-05-07 19:01:45,2021-05-07 19:18:03,-899.7,280.8,EOVSA_20210507_M4flare
20210508183000,2021-05-08,18:30:00,C9.0,2021-05-08 18:31:08,2021-05-08 18:31:27,2021-05-08 19:04:14,,,EOVSA_20210508_C9flare
20210509135500,2021-05-09,13:55:00,C4.0,2021-05-09 13:47:54,2021-05-09 13:55:02,2021-05-09 14:24:16,-707.0,333.0,EOVSA_20210509_C4flare
20210517190500,2021-05-17,19:05:00,B5.0,2021-05-17 18:54:57,2021-05-17 19:06:25,2021-05-17 19:11:10,,,EOVSA_20210517_B5flare
20210521192500,2021-05-21,19:25:00,C5.0,2021-05-21 19:23:40,2021-05-21 19:29:49,2021-05-21 19:34:23,-452.8,316.1,EOVSA_20210521_C5flare
20210522161000,2021-05-22,16:10:00,C1.0,2021-05-22 16:08:31,2021-05-22 16:14:39,2021-05-22 16:23:45,-290.0,343.8,EOVSA_20210522_C1flare
20210522171000,2021-05-22,17:10:00,M1.0,2021-05-22 17:07:57,2021-05-22 17:09:23,2021-05-22 17:23:33,,,EOVSA_20210522_M1flare
20210522213000,2021-05-22,21:30:00,M1.4,2021-05-22 21:31:08,2021-05-22 21:34:50,2021-05-22 22:03:23,,,EOVSA_20210522_M1.4flare
20210522231100,2021-05-22,23:11:00,C7.0,2021-05-22 23:05:28,2021-05-22 23:14:52,2021-05-22 23:23:47,-224.3,317.4,EOVSA_20210522_C7flare
20210523170000,2021-05-23,17:00:00,C2.0,2021-05-23 16:59:51,2021-05-23 17:03:21,2021-05-23 17:13:37,-44.9,366.2,EOVSA_20210523_C2flare
20210527220000,2021-05-27,22:00:00,C1.0,2021-05-27 21:58:00,2021-05-27 22:00:00,2021-05-27 22:02:00,,,EOVSA_20210527_C1flare
20210527231000,2021-05-27,23:10:00,C7.0,2021-05-27 23:08:00,2021-05-27 23:10:00,2021-05-27 23:12:00,713.4,314.0,EOVSA_20210527_C7flare
20210528223000,2021-05-28,22:30:00,C9.0,2021-05-28 22:24:10,2021-05-28 23:41:27,2021-05-28 23:53:38,825.8,319.1,EOVSA_20210528_C9flare
20210703142700,2021-07-03,14:27:00,X1.5,2021-07-03 14:26:28,2021-07-03 14:28:40,2021-07-03 14:36:23,965.7,425.4,EOVSA_20210703_X1flare
20210706191500,2021-07-06,19:15:00,C1.1,2021-07-06 19:13:08,2021-07-06 19:14:31,2021-07-06 19:16:02,880.3,-320.6,EOVSA_20210706_flare1
20210706205800,2021-07-06,20:58:00,C1.2,2021-07-06 20:57:45,2021-07-06 20:58:32,2021-07-06 21:02:43,,,EOVSA_20210706_flare2
20210706214900,2021-07-06,21:49:00,C1.1,2021-07-06 21:48:19,2021-07-06 21:48:57,2021-07-06 21:52:32,872.5,-319.6,EOVSA_20210706_flare3
20210709172000,2021-07-09,17:20:00,C4.7,2021-07-09 17:20:29,2021-07-09 17:21:39,2021-07-09 17:25:33,834.8,464.5,EOVSA_20210709_C4flare
20210820155500,2021-08-20,15:55:00,C3.0,2021-08-20 15:46:12,2021-08-20 15:52:47,2021-08-20 15:56:27,,,EOVSA_20210820_C3flare
20210820214500,2021-08-20,21:45:00,C1.4,2021-08-20 21:46:40,2021-08-20 22:08:57,2021-08-20 22:32:26,-958.3,851.9,EOVSA_20210820_C1.4flare
20210821184100,2021-08-21,18:41:00,B3.9,2021-08-21 18:40:46,2021-08-21 18:41:07,2021-08-21 18:47:15,-873.4,280.8,EOVSA_20210821_B3.9flare
20210821215700,2021-08-21,21:57:00,B3.9,2021-08-21 22:01:31,2021-08-21 22:26:48,2021-08-21 22:32:06,-903.3,341.6,EOVSA_20210821_B4.7flare
20210821222900,2021-08-21,22:29:00,B4.7,2021-08-21 22:01:31,2021-08-21 22:26:48,2021-08-21 22:32:06,,,EOVSA_20210821_B4.7flare
20210826181200,2021-08-26,18:12:00,C3.0,2021-08-26 18:31:09,2021-08-26 18:25:19,2021-08-26 19:02:35,-213.3,238.6,EOVSA_20210826_C3flare
20210826232000,2021-08-26,23:20:00,C3.9,2021-08-26 23:19:22,2021-08-26 23:21:23,2021-08-26 23:24:23,-295.3,-582.5,EOVSA_20210826_C3.9flare
20210827210000,2021-08-27,21:00:00,C7.3,2021-08-27 20:57:00,2021-08-27 21:00:54,2021-08-27 21:49:43,-60.1,-531.8,EOVSA_20210827_C7flare
20210829172100,2021-08-29,17:21:00,C2.9,2021-08-29 17:09:32,2021-08-29 17:18:12,2021-08-29 18:00:05,273.4,-525.3,EOVSA_20210829_C3flare
20210830161200,2021-08-30,16:12:00,C2.0,2021-08-30 16:13:47,2021-08-30 16:14:28,2021-08-30 16:33:31,274.8,-516.0,EOVSA_20210830_C2flare
20210830182300,2021-08-30,18:23:00,B7.0,2021-08-30 18:20:03,2021-08-30 18:23:19,2021-08-30 18:27:18,499.4,-518.9,EOVSA_20210830_B7flare
20210830204700,2021-08-30,20:47:00,B8.0,2021-08-30 20:46:43,2021-08-30 20:47:33,2021-08-30 20:53:02,450.2,-510.5,EOVSA_20210830_B8flare
20210831144800,2021-08-31,14:48:00,B2.5,2021-08-31 14:47:48,2021-08-31 15:01:34,2021-08-31 15:06:23,,,EOVSA_20210831_Bflares
20210831190800,2021-08-31,19:08:00,B7.1,2021-08-31 19:08:05,2021-08-31 19:09:01,2021-08-31 19:18:55,618.4,-504.3,EOVSA_20210831_B7flare
20210908172400,2021-09-08,17:24:00,C8.3,2021-09-08 17:20:20,2021-09-08 17:24:42,2021-09-08 17:49:15,-178.4,-388.7,EOVSA_20210908_C8flare
20210920192400,2021-09-20,19:24:00,B4.0,2021-09-20 19:07:43,2021-09-20 19:23:04,2021-09-20 19:57:23,-750.8,-476.9,EOVSA_20210920_flares0
20210920210000,2021-09-20,21:00:00,B2.5,2021-09-20 20:35:23,2021-09-20 20:44:30,2021-09-20 21:25:38,-654.7,-535.6,EOVSA_20210920_flares1
20210920215200,2021-09-20,21:52:00,B3.3,2021-09-20 21:40:50,2021-09-20 21:50:58,2021-09-20 22:02:20,-648.7,-538.6,EOVSA_20210920_flares2
20210921202400,2021-09-21,20:24:00,B5.1,2021-09-21 20:22:57,2021-09-21 20:24:01,2021-09-21 20:28:19,-575.6,-512.9,EOVSA_20210921_Bflare
20210922201200,2021-09-22,20:12:00,C1.1,2021-09-22 20:10:53,2021-09-22 20:12:40,2021-09-22 20:15:47,-413.5,-534.9,EOVSA_20210922_Cflare
20210923152400,2021-09-23,15:24:00,M1.9,2021-09-23 15:23:53,2021-09-23 15:26:05,2021-09-23 15:42:07,1039.5,-1040.4,EOVSA_20210923_M2flare
20210923204000,2021-09-23,20:40:00,C1.0,2021-09-23 20:39:18,2021-09-23 20:40:27,2021-09-23 20:47:57,-230.6,-534.1,EOVSA_20210923_Cflare
20210924164500,2021-09-24,16:45:00,none? B4.0 at 16:12,2021-09-24 16:42:35,2021-09-24 16:45:14,2021-09-24 16:45:58,-46.9,-573.1,EOVSA_20210924_Bflare
20210924211600,2021-09-24,21:16:00,B2.0,2021-09-24 21:16:02,2021-09-24 21:16:26,2021-09-24 21:29:47,,,EOVSA_20210924_Bflares
20210925191500,2021-09-25,19:15:00,C1.7,2021-09-25 19:14:39,2021-09-25 19:15:33,2021-09-25 19:30:12,143.6,-541.7,EOVSA_20210925_Cflare
20211011192100,2021-10-11,19:21:00,B2,2021-10-11 19:23:16,2021-10-11 19:23:55,2021-10-11 19:25:15,,,EOVSA_20211011_Bflare
20211012155700,2021-10-12,15:57:00,B6,2021-10-12 15:59:14,2021-10-12 16:00:09,2021-10-12 16:08:12,516.3,186.9,EOVSA_20211012_Bflare
20211028152600,2021-10-28,15:26:00,X1,2021-10-28 15:25:52,2021-10-28 15:29:08,2021-10-28 15:50:22,29.1,-504.0,EOVSA_20211028_Xflare
20211101204300,2021-11-01,20:43:00,C2.1,2021-11-01 20:42:05,2021-11-01 20:43:12,2021-11-01 20:47:19,-82.3,223.1,EOVSA_20211101_C2flare
20211101211100,2021-11-01,21:11:00,C4.0,2021-11-01 21:11:09,2021-11-01 21:15:01,2021-11-01 21:28:26,733.5,-548.4,EOVSA_20211101_C4flare
20211101233900,2021-11-01,23:39:00,C4.5,2021-11-01 23:37:37,2021-11-01 23:39:30,2021-11-01 23:40:33,-43.1,160.4,EOVSA_20211101_C4.5flare
20211103211400,2021-11-03,21:14:00,C5.2,2021-11-03 21:09:25,2021-11-03 21:14:45,2021-11-03 21:28:14,900.2,-390.5,EOVSA_20211103_C5flare
20211212211300,2021-12-12,21:13:00,C1.2,2021-12-12 21:15:35,2021-12-12 21:23:29,2021-12-12 21:39:39,-903.9,-333.2,EOVSA_20211212_Cflare
20211214203300,2021-12-14,20:33:00,C1.6,2021-12-14 20:31:28,2021-12-14 20:51:55,2021-12-14 21:18:08,-708.6,-329.6,EOVSA_20211214_Cflare
20211231194200,2021-12-31,19:42:00,C8.1,2021-12-31 19:42:34,2021-12-31 19:50:42,2021-12-31 20:10:28,854.1,355.9,EOVSA_20211231_C8flare
20220118173800,2022-01-18,17:38:00,M1.2,2022-01-18 17:21:42,2022-01-18 17:37:18,2022-01-18 18:18:29,797.1,202.2,EOVSA_20220118_Mflare
20220128193100,2022-01-28,19:31:00,C2.8,2022-01-28 19:30:01,2022-01-28 19:31:05,2022-01-28 19:43:37,-324.0,375.2,EOVSA_20220128_C2flare
20220128203500,2022-01-28,20:35:00,B5.3,2022-01-28 20:10:04,2022-01-28 20:48:13,2022-01-28 21:06:21,-327.2,375.1,EOVSA_20220128_Bflares
20220128204900,2022-01-28,20:49:00,B6.5,2022-01-28 20:10:04,2022-01-28 20:48:13,2022-01-28 21:06:21,-327.3,375.1,EOVSA_20220128_Bflares
20220129230000,2022-01-29,23:00:00,M1,2022-01-29 22:56:41,2022-01-29 23:10:14,2022-01-29 23:42:36,-14.8,370.2,EOVSA_20220129_M1flare
20220203204200,2022-02-03,20:42:00,C1.3,2022-02-03 20:41:17,2022-02-03 20:41:47,2022-02-03 20:44:32,831.6,310.9,EOVSA_20220203_C1flare
20220205170000,2022-02-05,17:00:00,C2.1,2022-02-05 16:58:07,2022-02-05 17:00:45,2022-02-05 17:05:48,85.9,364.9,EOVSA_20220205_C2flare
20220208214000,2022-02-08,21:40:00,C5.1,2022-02-08 21:37:00,2022-02-08 21:40:46,2022-02-08 21:45:32,642.2,-243.1,EOVSA_20220208_C5flare
20220330173000,2022-03-30,17:30:00,X1.4,2022-03-30 17:25:20,2022-03-30 17:31:09,2022-03-30 18:02:17,493.7,320.3,EOVSA_20220330_Xflare
20220331182800,2022-03-31,18:28:00,M9.7,2022-03-31 18:25:39,2022-03-31 18:28:26,2022-03-31 18:29:49,690.0,289.0,EOVSA_20220331_M9flare
20220331193200,2022-03-31,19:32:00,C5,2022-03-31 19:23:23,2022-03-31 19:34:25,2022-03-31 19:49:15,675.4,306.3,EOVSA_20220331_Cflare
20220510135500,2022-05-10,13:55:00,X1.5,2022-05-10 13:53:00,2022-05-10 13:55:00,2022-05-10 13:57:00,,,EOVSA_20220510_Xflare
20220511183500,2022-05-11,18:35:00,M2.6,2022-05-11 18:35:49,2022-05-11 18:41:54,2022-05-11 18:51:32,934.7,-257.7,EOVSA_20220511_M2flare
20220515000100,2022-05-15,00:01:00,M2.3,2022-05-15 00:00:04,2022-05-15 00:00:50,2022-05-15 00:02:09,,,EOVSA_20220515_M2flare
20220517193300,2022-05-17,19:33:00,C2.0,2022-05-17 19:31:03,2022-05-17 19:33:39,2022-05-17 19:43:47,-523.5,366.3,EOVSA_20220517_C2flare
20220518220000,2022-05-18,22:00:00,M1.1,2022-05-17 19:31:03,2022-05-17 19:33:39,2022-05-17 19:43:47,-323.7,386.6,EOVSA_20220517_C2flare
20220524223000,2022-05-24,22:30:00,C5.1,2022-05-24 22:15:55,2022-05-24 22:30:59,2022-05-24 22:44:42,755.1,386.1,EOVSA_20220524_C2flare
20220525181700,2022-05-25,18:17:00,M1.3,2022-05-25 18:13:15,2022-05-25 18:17:17,2022-05-25 18:23:33,598.5,-285.6,EOVSA_20220525_M1flare
20220708202300,2022-07-08,20:23:00,M2.6,2022-07-08 20:17:29,2022-07-08 20:35:18,2022-07-08 21:58:55,-483.6,190.5,EOVSA_20220708_Mflare
20220714214500,2022-07-14,21:45:00,M2.9,2022-07-14 21:44:55,2022-07-14 21:45:49,2022-07-14 21:51:27,-865.1,233.4,EOVSA_20220714_Mflare
20220715230900,2022-07-15,23:09:00,C2.9,2022-07-15 23:08:20,2022-07-15 23:08:52,2022-07-15 23:15:40,-317.0,196.1,EOVSA_20220715_C3flare
20220716221700,2022-07-16,22:17:00,C2.0,2022-07-16 22:15:20,2022-07-16 22:17:31,2022-07-16 22:22:50,,,EOVSA_20220716_C1flare
20220717213700,2022-07-17,21:37:00,C4.8,2022-07-17 21:36:23,2022-07-17 21:37:46,2022-07-17 21:40:11,390.8,-329.4,EOVSA_20220717_C4flare
20220731225000,2022-07-31,22:50:00,C9.3,2022-07-31 22:48:51,2022-07-31 23:24:58,2022-08-01 00:00:51,-956.6,264.8,EOVSA_20220731_M1flare
20220830175800,2022-08-30,17:58:00,M1.2,2022-08-30 17:41:00,2022-08-30 17:57:55,2022-08-30 18:28:53,,,EOVSA_20220830_M2flare
20220912234500,2022-09-12,23:45:00,M1.8,2022-09-12 23:43:06,2022-09-12 23:43:56,2022-09-12 23:46:58,537.6,215.4,EOVSA_20220912_M2flare
20220916155100,2022-09-16,15:51:00,M6.7,2022-09-16 15:50:20,2022-09-16 15:51:06,2022-09-16 16:31:26,910.7,307.4,EOVSA_20220916_M6flare
20220917204300,2022-09-17,20:43:00,M2.6,2022-09-17 20:34:03,2022-09-17 20:48:31,2022-09-17 21:15:29,-257.3,-533.3,EOVSA_20220917_M2flare
20220918221100,2022-09-18,22:11:00,C3.0,2022-09-18 22:09:31,2022-09-18 22:11:33,2022-09-18 22:24:13,-79.4,-528.5,EOVSA_20220918_C3flare
20220923180200,2022-09-23,18:02:00,M1.7,2022-09-23 17:58:56,2022-09-23 18:03:13,2022-09-23 18:29:05,-922.8,251.1,EOVSA_20220923_M2flare
20220930162400,2022-09-30,16:24:00,M3.0,2022-09-30 16:13:59,2022-09-30 16:24:03,2022-09-30 16:31:06,-891.5,319.0,EOVSA_20220930_M3flare
20220930224100,2022-09-30,22:41:00,C3.0,2022-09-30 22:39:00,2022-09-30 22:41:00,2022-09-30 22:43:00,-891.5,319.0,EOVSA_20220930_C3flare
20221001180200,2022-10-01,18:02:00,C3,2022-10-01 18:02:01,2022-10-01 18:02:58,2022-10-01 18:03:50,-312.5,368.3,EOVSA_20221001_C3flare
20221001184900,2022-10-01,18:49:00,C2,2022-10-01 18:45:38,2022-10-01 18:49:02,2022-10-01 18:51:43,528.9,191.1,EOVSA_20221001_C2flare
20221001200900,2022-10-01,20:09:00,M5.8,2022-10-01 20:04:32,2022-10-01 20:09:31,2022-10-01 20:31:26,537.3,211.4,EOVSA_20221001_M5flare
20221002202300,2022-10-02,20:23:00,X1.1,2022-10-02 20:15:05,2022-10-02 20:23:07,2022-10-02 20:35:22,694.2,236.4,EOVSA_20221002_X1flare
20221003202100,2022-10-03,20:21:00,M1.2,2022-10-03 20:18:10,2022-10-03 20:23:39,2022-10-03 20:59:37,815.3,265.3,EOVSA_20221003_M2flare
20221010154200,2022-10-10,15:42:00,C5,2022-10-10 15:42:03,2022-10-10 16:12:11,2022-10-10 16:44:09,436.6,318.8,EOVSA_20221010_M2flare
20221010161200,2022-10-10,16:12:00,M2.4,2022-10-10 15:42:03,2022-10-10 16:12:11,2022-10-10 16:44:09,436.6,318.8,EOVSA_20221010_M2flare
20221010231900,2022-10-10,23:19:00,C3,2022-10-10 23:18:33,2022-10-10 23:19:21,2022-10-10 23:30:00,440.8,315.0,EOVSA_20221010_C3flare
20221011163500,2022-10-11,16:35:00,C3.6,2022-10-11 16:32:54,2022-10-11 16:35:50,2022-10-11 16:41:30,655.1,339.7,EOVSA_20221011_Cflare
20221011181700,2022-10-11,18:17:00,C6.1,2022-10-11 18:10:55,2022-10-11 18:16:57,2022-10-11 18:21:02,576.8,332.3,EOVSA_20221011_C6flare
20221012162800,2022-10-12,16:28:00,C4.7,2022-10-12 16:27:38,2022-10-12 16:28:17,2022-10-12 16:30:17,704.5,344.1,EOVSA_20221012_C4flare
20221013001000,2022-10-13,00:10:00,M1.5,2022-10-13 00:08:00,2022-10-13 00:10:00,2022-10-13 00:12:00,,,EOVSA_20221013_M1flare
20221016160500,2022-10-16,16:05:00,C1.9,2022-10-16 16:04:28,2022-10-16 16:04:59,2022-10-16 16:05:37,775.7,364.9,EOVSA_20221016_C1flare
20221019214400,2022-10-19,21:44:00,C4.2,2022-10-19 21:44:10,2022-10-19 21:44:32,2022-10-19 21:49:47,-268.8,-261.3,EOVSA_20221019_C4flare
20221025190000,2022-10-25,19:00:00,C4.9,2022-10-25 18:59:44,2022-10-25 19:00:55,2022-10-25 19:03:20,-842.0,420.0,EOVSA_20221025_C4flare
20221110181400,2022-11-10,18:14:00,B9.7,2022-11-10 18:13:33,2022-11-10 18:14:15,2022-11-10 18:17:47,21.3,160.6,EOVSA_20221110_Bflare
20221112180200,2022-11-12,18:02:00,C6.5,2022-11-12 18:01:36,2022-11-12 18:02:30,2022-11-12 18:11:49,444.1,165.5,EOVSA_20221112_Cflare
20221113190800,2022-11-13,19:08:00,C2.2,2022-11-13 19:06:07,2022-11-13 19:07:46,2022-11-13 19:08:24,622.2,166.2,EOVSA_20221113_C2flare
20221113221500,2022-11-13,22:15:00,C2.0,2022-11-13 22:14:15,2022-11-13 22:14:46,2022-11-13 22:17:51,652.6,343.3,EOVSA_20221113_Cflare
20221114192700,2022-11-14,19:27:00,C5.1,2022-11-14 19:26:10,2022-11-14 19:27:51,2022-11-14 19:30:33,755.4,354.6,EOVSA_20221114_C5flare
20221114212400,2022-11-14,21:24:00,C2.6,2022-11-14 21:14:28,2022-11-14 21:24:31,2022-11-14 21:25:01,778.3,350.7,EOVSA_20221114_C2flare
20221118185400,2022-11-18,18:54:00,C4.6,2022-11-18 18:50:36,2022-11-18 18:53:41,2022-11-18 18:54:55,580.3,317.0,EOVSA_20221118_C4flare
20221118220400,2022-11-18,22:04:00,C1.9,2022-11-18 22:03:32,2022-11-18 22:04:00,2022-11-18 22:05:07,-684.4,-267.2,EOVSA_20221118_C1flare
20221209224200,2022-12-09,22:42:00,C5.0,2022-12-09 22:40:00,2022-12-09 22:42:00,2022-12-09 22:44:00,,,EOVSA_20221209_Cflare
20221213194800,2022-12-13,19:48:00,C1.0,2022-12-13 19:47:56,2022-12-13 19:48:21,2022-12-13 19:49:28,941.9,-289.8,EOVSA_20221213_C1flare
20221213231700,2022-12-13,23:17:00,C3.0,2022-12-13 23:16:21,2022-12-13 23:17:38,2022-12-13 23:18:53,938.4,-278.0,EOVSA_20221213_C3flare
20221214190900,2022-12-14,19:09:00,C3.0,2022-12-14 19:08:55,2022-12-14 19:09:13,2022-12-14 19:09:54,668.6,-342.6,EOVSA_20221214_C3flare
20221214193300,2022-12-14,19:33:00,C6.4,2022-12-14 19:30:57,2022-12-14 19:36:37,2022-12-14 19:52:58,654.0,-333.1,EOVSA_20221214_C5flare
20221214205500,2022-12-14,20:55:00,M2.2,2022-12-14 20:44:24,2022-12-14 20:54:38,2022-12-14 20:58:43,-314.0,-345.1,EOVSA_20221214_M2flare
20221214220600,2022-12-14,22:06:00,M4.5,2022-12-14 21:47:48,2022-12-14 22:06:09,2022-12-14 22:09:27,662.1,-372.8,EOVSA_20221214_M3flare
20221216190600,2022-12-16,19:06:00,C9.1,2022-12-16 19:04:44,2022-12-16 19:06:08,2022-12-16 19:13:06,875.2,-342.3,EOVSA_20221216_C9flare
20221217194600,2022-12-17,19:46:00,M1.0,2022-12-17 19:40:24,2022-12-17 19:47:42,2022-12-17 20:09:27,-867.8,328.6,EOVSA_20221217_M1flare
20221221204500,2022-12-21,20:45:00,C4.8,2022-12-21 20:43:51,2022-12-21 20:44:51,2022-12-21 20:52:11,-410.9,343.7,EOVSA_20221221_C5flare
20221221221200,2022-12-21,22:12:00,C6.9,2022-12-21 22:11:23,2022-12-21 22:30:46,2022-12-21 22:37:32,-361.2,338.2,EOVSA_20221221_C6flare
20221222222700,2022-12-22,22:27:00,B7.8,2022-12-22 22:13:15,2022-12-22 22:27:05,2022-12-22 22:30:53,-11.1,313.8,EOVSA_20221222_burst
20221225215600,2022-12-25,21:56:00,C2.2,2022-12-25 21:54:33,2022-12-25 21:55:43,2022-12-25 21:58:24,461.3,389.5,EOVSA_20221225_C2flare
20221226165700,2022-12-26,16:57:00,C4.4,2022-12-26 16:55:50,2022-12-26 16:57:47,2022-12-26 16:59:15,583.0,410.9,EOVSA_20221226_C4flare
20221226194000,2022-12-26,19:40:00,C6.0,2022-12-26 19:37:42,2022-12-26 19:40:13,2022-12-26 19:42:22,618.4,392.0,EOVSA_20221226_C6flare
20221227162400,2022-12-27,16:24:00,M1.2,2022-12-27 16:12:17,2022-12-27 16:14:50,2022-12-27 16:29:06,678.2,381.5,EOVSA_20221227_M1flare
20221227203600,2022-12-27,20:36:00,C4.5,2022-12-27 20:35:11,2022-12-27 20:35:44,2022-12-27 20:36:46,-934.2,-318.5,EOVSA_20221227_C4flare
20221229181800,2022-12-29,18:18:00,M2.4,2022-12-29 18:16:06,2022-12-29 18:18:21,2022-12-29 19:34:02,-917.9,353.4,EOVSA_20221229_M2flare
20221229181800,2022-12-29,18:18:00,M2.4,2022-12-29 18:16:06,2022-12-29 18:18:21,2022-12-29 19:34:02,-917.9,353.4,EOVSA_20221229_M2flare
20221230190900,2022-12-30,19:09:00,C4.0,2022-12-30 19:08:23,2022-12-30 19:37:56,2022-12-30 19:58:08,-140.2,380.0,EOVSA_20221230_M3flare
20221230193500,2022-12-30,19:35:00,M3.7,2022-12-30 19:08:23,2022-12-30 19:37:56,2022-12-30 19:58:08,-142.0,373.2,EOVSA_20221230_M3flare
20221231214200,2022-12-31,21:42:00,C9.1,2022-12-31 21:38:50,2022-12-31 21:42:58,2022-12-31 21:43:38,-780.7,359.7,EOVSA_20221231_C9flare
20230101193300,2023-01-01,19:33:00,C1.1,2023-01-01 19:31:53,2023-01-01 19:33:02,2023-01-01 19:37:35,,,EOVSA_20230101_Cflare
20230106184700,2023-01-06,18:47:00,C6.1,2023-01-06 18:47:14,2023-01-06 18:47:34,2023-01-06 18:49:52,,,EOVSA_20230106_C6flare
20230109184600,2023-01-09,18:46:00,X2.0,2023-01-09 18:44:24,2023-01-09 18:46:35,2023-01-09 18:59:14,,,EOVSA_20230109_Xflare
20230110174800,2023-01-10,17:48:00,M1.3,2023-01-10 17:47:28,2023-01-10 17:47:51,2023-01-10 17:48:56,,,EOVSA_20230110_M1flare
20230110224700,2023-01-10,22:47:00,X1.0,2023-01-10 22:45:12,2023-01-10 22:46:42,2023-01-10 22:49:47,,,EOVSA_20230110_Xflare
20230114201200,2023-01-14,20:12:00,M3.5,2023-01-14 20:11:50,2023-01-14 20:12:02,2023-01-14 20:17:35,,,EOVSA_20230114_M3flare
20230208211000,2023-02-08,21:10:00,M1.7,2023-02-08 21:07:30,2023-02-08 21:09:54,2023-02-08 21:17:53,,,EOVSA_20230208_M1flare
20230209182500,2023-02-09,18:25:00,M1.8,2023-02-09 18:26:58,2023-02-09 18:27:36,2023-02-09 18:33:55,,,EOVSA_20230209_M1flare
20230210223800,2023-02-10,22:38:00,M1.3,2023-02-10 22:30:33,2023-02-10 22:37:29,2023-02-10 22:41:01,,,EOVSA_20230210_Mflare
20230211155000,2023-02-11,15:50:00,X1.2,2023-02-11 15:47:40,2023-02-11 15:51:18,2023-02-11 15:57:58,,,EOVSA_20230211_Xflare
20230217200300,2023-02-17,20:03:00,X2.3,2023-02-17 19:56:35,2023-02-17 20:03:21,2023-02-17 20:28:28,,,EOVSA_20230217_X2flare
20230219192800,2023-02-19,19:28:00,C4.0,2023-02-19 19:26:49,2023-02-19 19:27:40,2023-02-19 19:28:05,,,EOVSA_20230219_Cflare
20230221201200,2023-02-21,20:12:00,M5.1,2023-02-21 20:06:49,2023-02-21 20:12:06,2023-02-21 20:29:01,,,EOVSA_20230221_M5flare
20230223182000,2023-02-23,18:20:00,C8.9,2023-02-23 18:18:04,2023-02-23 18:20:14,2023-02-23 18:25:07,,,EOVSA_20230223_C8flare
20230223231200,2023-02-23,23:12:00,C6.2,2023-02-23 23:12:20,2023-02-23 23:12:48,2023-02-23 23:15:56,,,EOVSA_20230223_C6flare
20230224202000,2023-02-24,20:20:00,M3.7,2023-02-24 20:17:48,2023-02-24 20:22:36,2023-02-24 20:35:33,,,EOVSA_20230224_Mflare
20230225193000,2023-02-25,19:30:00,M5.9,2023-02-25 19:29:23,2023-02-25 19:31:15,2023-02-25 19:51:38,,,EOVSA_20230225_Mflare
20230226191700,2023-02-26,19:17:00,C2.8,2023-02-26 19:16:41,2023-02-26 19:17:25,2023-02-26 19:23:28,,,EOVSA_20230226_Cflare
20230305213500,2023-03-05,21:35:00,M5,2023-03-05 21:31:18,2023-03-05 21:33:55,2023-03-05 21:42:19,,,EOVSA_20230305_Mflare
20230308224200,2023-03-08,22:42:00,M1.4,2023-03-08 22:33:22,2023-03-08 22:42:04,2023-03-08 22:48:54,,,EOVSA_20230308_Mflare
20230318205100,2023-03-18,20:51:00,B8.6,2023-03-18 20:51:50,2023-03-18 20:53:28,2023-03-18 21:06:19,,,EOVSA_20230318_LWAflare
20230407203700,2023-04-07,20:37:00,C2.6,2023-04-07 20:36:58,2023-04-07 20:38:57,2023-04-07 20:45:53,,,EOVSA_20230407_C2flare
20230407233400,2023-04-07,23:34:00,C5.8,2023-04-07 23:27:19,2023-04-07 23:33:28,2023-04-07 23:42:00,,,EOVSA_20230407_C5flare
20230411223800,2023-04-11,22:38:00,C5.9,2023-04-11 22:37:25,2023-04-11 22:39:14,2023-04-11 22:43:28,,,EOVSA_20230411_Cflare
20230414232600,2023-04-14,23:26:00,M1.5,2023-04-14 23:24:00,2023-04-14 23:26:00,2023-04-14 23:28:00,,,EOVSA_2023041M_Mflare
20230418191200,2023-04-18,19:12:00,C1.9,2023-04-18 19:08:52,2023-04-18 19:11:35,2023-04-18 19:12:42,,,EOVSA_20230418_Cflare
20230421175700,2023-04-21,17:57:00,M1.8,2023-04-21 17:50:55,2023-04-21 17:58:05,2023-04-21 18:33:52,,,EOVSA_20230421_Mflare
20230427010000,2023-04-27,01:00:00,C3.0,2023-04-27 00:58:00,2023-04-27 01:00:00,2023-04-27 01:02:00,,,EOVSA_20230427_Cflare
20230429230200,2023-04-29,23:02:00,C3.2,2023-04-29 23:00:00,2023-04-29 23:02:00,2023-04-29 23:04:00,,,EOVSA_20230429_Cflare
20230430203500,2023-04-30,20:35:00,M2.1,2023-04-30 20:23:02,2023-04-30 20:35:30,2023-04-30 20:48:31,,,EOVSA_20230430_Mflare
20230501214600,2023-05-01,21:46:00,C3.4,2023-05-01 21:44:02,2023-05-01 21:45:45,2023-05-01 21:52:11,,,EOVSA_20230501_Cflare
20230503205300,2023-05-03,20:53:00,C4.1,2023-05-03 20:51:42,2023-05-03 20:52:33,2023-05-03 20:53:02,,,EOVSA_20230503_Cflare
20230505154500,2023-05-05,15:45:00,C8.2,2023-05-05 15:35:45,2023-05-05 15:44:56,2023-05-05 15:52:30,,,EOVSA_20230505_C8flare
20230506145800,2023-05-06,14:58:00,C3.6,2023-05-06 14:56:48,2023-05-06 14:57:56,2023-05-06 15:04:10,,,EOVSA_20230506_C3flare
20230506174300,2023-05-06,17:43:00,C1.8,2023-05-06 17:39:40,2023-05-06 17:43:11,2023-05-06 17:51:59,,,EOVSA_20230506_C1flare
20230506215300,2023-05-06,21:53:00,C4.7,2023-05-06 21:52:55,2023-05-06 21:53:15,2023-05-06 22:03:55,,,EOVSA_20230506_C4flare
20230507220000,2023-05-07,22:00:00,M1.5,2023-05-07 21:52:39,2023-05-07 22:34:31,2023-05-07 22:50:51,,,EOVSA_20230507_Mflare
20230508141900,2023-05-08,14:19:00,C9.5,2023-05-08 14:17:00,2023-05-08 14:19:00,2023-05-08 14:21:00,,,EOVSA_20230508_C9flare
20230508160800,2023-05-08,16:08:00,C3.0,2023-05-08 16:03:14,2023-05-08 16:09:26,2023-05-08 16:11:43,,,EOVSA_20230508_C3flare
20230508200000,2023-05-08,20:00:00,M2.3,2023-05-08 20:16:04,2023-05-08 20:20:43,2023-05-08 20:36:57,,,EOVSA_20230508_M2flare
20230508212000,2023-05-08,21:20:00,C3.4,2023-05-08 21:18:22,2023-05-08 21:22:06,2023-05-08 21:23:54,,,EOVSA_20230508_C34flare
20230509140100,2023-05-09,14:01:00,C5.5,2023-05-09 14:00:34,2023-05-09 14:01:14,2023-05-09 14:05:43,,,EOVSA_20230509_C5flare
20230509143100,2023-05-09,14:31:00,C7.3,2023-05-09 14:23:38,2023-05-09 14:31:28,2023-05-09 14:39:54,,,EOVSA_20230509_C7flare
20230509184000,2023-05-09,18:40:00,M4.2,2023-05-09 18:26:30,2023-05-09 18:52:02,2023-05-09 19:23:15,,,EOVSA_20230509_M4flare
20230509204700,2023-05-09,20:47:00,M5.0,2023-05-09 20:41:37,2023-05-09 20:47:27,2023-05-09 21:09:47,,,EOVSA_20230509_M5flare
20230510141800,2023-05-10,14:18:00,M2.1,2023-05-10 14:13:47,2023-05-10 14:17:48,2023-05-10 14:28:53,,,EOVSA_20230510_M2flare
20230511010600,2023-05-11,01:06:00,C4.2,2023-05-11 01:04:59,2023-05-11 01:06:29,2023-05-11 01:08:41,,,EOVSA_20230511_C4flare
20230511182600,2023-05-11,18:26:00,M1.2,2023-05-11 18:20:28,2023-05-11 18:27:16,2023-05-11 18:34:08,,,EOVSA_20230511_M1flare
20230512235700,2023-05-12,23:57:00,C5.5,2023-05-12 23:52:32,2023-05-12 23:56:57,2023-05-12 23:59:37,,,EOVSA_20230512_C5flare
20230513194000,2023-05-13,19:40:00,C1.7,2023-05-13 19:40:05,2023-05-13 19:41:36,2023-05-13 19:54:11,,,EOVSA_20230513_C1flare
20230518202000,2023-05-18,20:20:00,M3.9,2023-05-18 20:21:06,2023-05-18 20:22:23,2023-05-18 20:37:07,,,EOVSA_20230518_M3flare
20230519004800,2023-05-19,00:48:00,M5.4,2023-05-19 00:42:21,2023-05-19 00:48:05,2023-05-19 00:55:51,,,EOVSA_20230519_M5flare
20230519161700,2023-05-19,16:17:00,C3.3,2023-05-19 16:16:44,2023-05-19 16:18:57,2023-05-19 16:20:25,,,EOVSA_20230519_C3flare
20230519191000,2023-05-19,19:10:00,C5.2,2023-05-19 19:10:00,2023-05-19 19:10:40,2023-05-19 19:13:34,,,EOVSA_20230519_C5flare
20230520145800,2023-05-20,14:58:00,M5.6,2023-05-20 14:56:00,2023-05-20 14:58:00,2023-05-20 15:00:00,,,EOVSA_20230520_M56flare
20230520230300,2023-05-20,23:03:00,M5.2,2023-05-20 22:55:28,2023-05-20 23:03:43,2023-05-20 23:16:17,,,EOVSA_20230520_M52flare
20230521155700,2023-05-21,15:57:00,M2.6,2023-05-21 15:53:30,2023-05-21 16:02:30,2023-05-21 16:12:50,,,EOVSA_20230521_M2flare
20230521210600,2023-05-21,21:06:00,C6.1,2023-05-21 20:56:40,2023-05-21 20:56:56,2023-05-21 21:10:29,,,EOVSA_20230521_C4flare
20230523143600,2023-05-23,14:36:00,C6.8,2023-05-23 14:34:50,2023-05-23 14:35:34,2023-05-23 14:37:22,,,EOVSA_20230523_C2flare
20230524171500,2023-05-24,17:15:00,M1.9,2023-05-24 17:08:25,2023-05-24 17:15:23,2023-05-24 17:42:00,,,EOVSA_20230524_Mflare
20230524190300,2023-05-24,19:03:00,C5.1,2023-05-24 19:02:41,2023-05-24 19:04:23,2023-05-24 19:08:48,,,EOVSA_20230524_C5flare
20230524194800,2023-05-24,19:48:00,C3.6,2023-05-24 19:48:08,2023-05-24 19:48:40,2023-05-24 19:49:37,,,EOVSA_20230524_C3flare
20230525144200,2023-05-25,14:42:00,M1.1,2023-05-25 14:35:29,2023-05-25 14:44:54,2023-05-25 14:56:34,,,EOVSA_20230525_Mflare
20230526223700,2023-05-26,22:37:00,C7.0,2023-05-26 22:36:06,2023-05-26 22:37:59,2023-05-26 23:07:39,,,EOVSA_20230526_Mflare
20230527163500,2023-05-27,16:35:00,C1.5,2023-05-27 16:34:14,2023-05-27 16:34:49,2023-05-27 16:36:11,,,EOVSA_20230527_Cflare
20230527223600,2023-05-27,22:36:00,C1.5,2023-05-27 22:36:11,2023-05-27 22:36:30,2023-05-27 22:38:06,,,EOVSA_20230527_C1flare
20230529181900,2023-05-29,18:19:00,C6.5,2023-05-29 18:19:08,2023-05-29 18:23:06,2023-05-29 18:27:16,,,EOVSA_20230529_C6flare
20230531163700,2023-05-31,16:37:00,C3.3,2023-05-31 16:36:49,2023-05-31 16:37:28,2023-05-31 16:38:50,,,EOVSA_20230531_C3flare
20230601203300,2023-06-01,20:33:00,C6.3,2023-06-01 20:30:14,2023-06-01 20:33:11,2023-06-01 20:34:20,,,EOVSA_20230601_C6flare
20230602210800,2023-06-02,21:08:00,C1.2,2023-06-02 21:06:31,2023-06-02 21:07:52,2023-06-02 21:08:24,,,EOVSA_20230602_C1flare
20230603214600,2023-06-03,21:46:00,C2.8,2023-06-03 21:43:40,2023-06-03 21:46:01,2023-06-03 21:49:59,,,EOVSA_20230603_C2flare
20230605225500,2023-06-05,22:55:00,C1.7,2023-06-05 22:55:33,2023-06-05 22:55:59,2023-06-05 22:58:07,,,EOVSA_20230605_C1flare
20230606185800,2023-06-06,18:58:00,C7.5,2023-06-06 18:57:19,2023-06-06 18:58:02,2023-06-06 18:59:25,,,EOVSA_20230606_C7flare
20230607182800,2023-06-07,18:28:00,C9.2,2023-06-07 18:27:09,2023-06-07 18:28:32,2023-06-07 18:29:44,,,EOVSA_20230607_C9flare
20230609143700,2023-06-09,14:37:00,C4.4,2023-06-09 14:37:11,2023-06-09 14:37:43,2023-06-09 14:38:36,,,EOVSA_20230609_C4flare
20230609170400,2023-06-09,17:04:00,M2.5,2023-06-09 16:54:53,2023-06-09 17:04:55,2023-06-09 17:41:03,,,EOVSA_20230609_M2flare
20230612202200,2023-06-12,20:22:00,C3.3,2023-06-12 20:21:28,2023-06-12 20:23:19,2023-06-12 20:26:29,,,EOVSA_20230612_C3flare
20230613203000,2023-06-13,20:30:00,C3.9,2023-06-13 20:27:15,2023-06-13 20:29:32,2023-06-13 20:31:27,,,EOVSA_20230613_C3flare
20230618003000,2023-06-18,00:30:00,M1.3,2023-06-18 00:29:25,2023-06-18 00:30:08,2023-06-18 00:31:49,,,EOVSA_20230618_M1flare
20230620170700,2023-06-20,17:07:00,X1.1,2023-06-20 16:46:03,2023-06-20 17:07:47,2023-06-20 17:21:32,,,EOVSA_20230620_X1flare
20230620175500,2023-06-20,17:55:00,M1.2,2023-06-20 17:52:00,2023-06-20 18:00:58,2023-06-20 18:17:55,,,EOVSA_20230620_Mflare
20230621153700,2023-06-21,15:37:00,M1.0,2023-06-21 15:36:03,2023-06-21 15:37:32,2023-06-21 15:38:09,,,EOVSA_20230621_M1flare
20230622010600,2023-06-22,01:06:00,C6.2,2023-06-22 01:06:14,2023-06-22 01:07:01,2023-06-22 01:11:59,,,EOVSA_20230622_C6flare
20230622233700,2023-06-22,23:37:00,M4.9,2023-06-22 23:35:29,2023-06-22 23:38:57,2023-06-22 23:48:41,,,EOVSA_20230622_M4flare
20230624211300,2023-06-24,21:13:00,C4.9,2023-06-24 21:12:07,2023-06-24 21:12:50,2023-06-24 21:14:44,,,EOVSA_20230624_C4flare
20230625215800,2023-06-25,21:58:00,C6.8,2023-06-25 21:57:40,2023-06-25 21:58:16,2023-06-25 21:59:51,,,EOVSA_20230625_C6flare
20230625225900,2023-06-25,22:59:00,C1.6,2023-06-25 22:59:02,2023-06-25 22:59:25,2023-06-25 23:00:10,,,EOVSA_20230625_C1flare
20230626013400,2023-06-26,01:34:00,C2.2,2023-06-26 01:30:57,2023-06-26 01:34:31,2023-06-26 01:40:50,,,EOVSA_20230626_C2flare
20230626161800,2023-06-26,16:18:00,M1.6,2023-06-26 16:17:21,2023-06-26 16:22:24,2023-06-26 16:31:27,,,EOVSA_20230626_M1flare
20230626221900,2023-06-26,22:19:00,C2.3,2023-06-26 22:18:18,2023-06-26 22:19:30,2023-06-26 22:20:47,,,EOVSA_20230626_C23flare
20230627151200,2023-06-27,15:12:00,C9.8,2023-06-27 15:11:42,2023-06-27 15:12:10,2023-06-27 15:14:21,,,EOVSA_20230627_C9flare
20230627222600,2023-06-27,22:26:00,C4.4,2023-06-27 22:25:50,2023-06-27 22:26:43,2023-06-27 22:29:41,,,EOVSA_20230627_C4flare
20230629141000,2023-06-29,14:10:00,M3.8,2023-06-29 14:08:01,2023-06-29 14:11:55,2023-06-29 14:25:30,,,EOVSA_20230629_M3flare
20230629163600,2023-06-29,16:36:00,C2.5,2023-06-29 16:35:37,2023-06-29 16:36:09,2023-06-29 16:37:59,,,EOVSA_20230629_C2flare
20230629220000,2023-06-29,22:00:00,C5.3,2023-06-29 21:57:58,2023-06-29 22:02:58,2023-06-29 22:16:38,,,EOVSA_20230629_C5flare
20230630185600,2023-06-30,18:56:00,C3.7,2023-06-30 18:55:35,2023-06-30 18:58:30,2023-06-30 19:01:40,,,EOVSA_20230630_C3flare
20230704191800,2023-07-04,19:18:00,C8.0,2023-07-04 19:16:23,2023-07-04 19:18:18,2023-07-04 19:20:34,,,EOVSA_20230704_C8flare
20230711142700,2023-07-11,14:27:00,M2.0,2023-07-11 14:25:50,2023-07-11 14:28:37,2023-07-11 14:31:05,,,EOVSA_20230711_M2flare
20230711180000,2023-07-11,18:00:00,M6.8,2023-07-11 17:55:54,2023-07-11 18:05:21,2023-07-11 18:10:21,,,EOVSA_20230711_M6flare
20230711221200,2023-07-11,22:12:00,M5.8,2023-07-11 22:11:40,2023-07-11 22:13:52,2023-07-11 22:17:58,,,EOVSA_20230711_M5flare
20230716174000,2023-07-16,17:40:00,M4.0,2023-07-16 17:38:22,2023-07-16 17:40:05,2023-07-16 17:45:51,,,EOVSA_20230716_M4flare
20230717224500,2023-07-17,22:45:00,M2.7,2023-07-17 22:07:56,2023-07-17 22:47:24,2023-07-17 22:57:19,,,EOVSA_20230717_M2flare
20230717233600,2023-07-17,23:36:00,M5.7,2023-07-17 23:30:45,2023-07-17 23:36:35,2023-07-18 00:08:44,,,EOVSA_20230717_M5flare
20230718192500,2023-07-18,19:25:00,M1.3,2023-07-18 19:22:33,2023-07-18 20:03:11,2023-07-18 20:09:41,,,EOVSA_20230718_Mflare
20230719171500,2023-07-19,17:15:00,M3.8,2023-07-19 17:13:56,2023-07-19 17:15:05,2023-07-19 17:20:52,,,EOVSA_20230719_M3flare
20230720195300,2023-07-20,19:53:00,C9.7,2023-07-20 19:46:17,2023-07-20 19:46:36,2023-07-20 19:50:49,,,EOVSA_20230720_C9flare
20230723145500,2023-07-23,14:55:00,C5.2,2023-07-23 14:15:35,2023-07-23 14:39:36,2023-07-23 15:05:46,,,EOVSA_20230723_C5flare
20230725234300,2023-07-25,23:43:00,C3.6,2023-07-25 23:42:54,2023-07-25 23:43:54,2023-07-25 23:45:24,,,EOVSA_20230725_C3flare
20230726155700,2023-07-26,15:57:00,M2.1,2023-07-26 15:55:34,2023-07-26 15:56:34,2023-07-26 16:18:50,,,EOVSA_20230726_M2flare
20230728145000,2023-07-28,14:50:00,C7.8,2023-07-28 14:49:05,2023-07-28 14:50:07,2023-07-28 14:52:06,,,EOVSA_20230728_C7flare
20230728205100,2023-07-28,20:51:00,C6.0,2023-07-28 20:50:21,2023-07-28 20:51:26,2023-07-28 20:53:23,,,EOVSA_20230728_C5flare
20230729162000,2023-07-29,16:20:00,M1.4,2023-07-29 16:16:07,2023-07-29 16:19:57,2023-07-29 16:39:47,,,EOVSA_20230729_M1flare
20230730221900,2023-07-30,22:19:00,C1.5,2023-07-30 22:13:08,2023-07-30 22:18:41,2023-07-30 22:20:57,,,EOVSA_20230730_C1flare
20230731224600,2023-07-31,22:46:00,C5.4,2023-07-31 22:38:28,2023-07-31 22:46:18,2023-07-31 22:51:01,,,EOVSA_20230731_C5flare
20230802002100,2023-08-02,00:21:00,C7.9,2023-08-02 00:20:39,2023-08-02 00:21:12,2023-08-02 00:25:10,,,EOVSA_20230802_C7flare
20230802145100,2023-08-02,14:51:00,M1.7,2023-08-02 14:50:57,2023-08-02 14:51:15,2023-08-02 14:52:37,,,EOVSA_20230802_M1flare
20230802162000,2023-08-02,16:20:00,M1.3,2023-08-02 16:19:57,2023-08-02 16:21:28,2023-08-02 16:23:52,,,EOVSA_20230802_M13flare
20230802191100,2023-08-02,19:11:00,M1.1,2023-08-02 19:09:43,2023-08-02 19:11:41,2023-08-02 19:21:38,,,EOVSA_20230802_M11flare
20230805220500,2023-08-05,22:05:00,X1.6,2023-08-05 21:47:19,2023-08-05 22:06:16,2023-08-05 22:38:32,,,EOVSA_20230805_X1flare
20230806183500,2023-08-06,18:35:00,M5.5,2023-08-06 18:25:58,2023-08-06 18:36:30,2023-08-06 18:51:51,,,EOVSA_20230806_M5flare
20230807205800,2023-08-07,20:58:00,X1.5,2023-08-07 20:34:39,2023-08-07 20:58:25,2023-08-07 21:12:57,,,EOVSA_20230807_X1flare
20230814204200,2023-08-14,20:42:00,C2.6,2023-08-14 20:43:41,2023-08-14 20:46:29,2023-08-14 20:48:29,,,EOVSA_20230814_C2flare
20230815215600,2023-08-15,21:56:00,C2.3,2023-08-15 21:56:13,2023-08-15 21:56:40,2023-08-15 21:58:16,,,EOVSA_20230815_C2flare
20230818192000,2023-08-18,19:20:00,C3.7,2023-08-18 19:20:37,2023-08-18 19:24:51,2023-08-18 19:30:19,,,EOVSA_20230818_C3flare
20230818212000,2023-08-18,21:20:00,C3.0,2023-08-18 21:17:38,2023-08-18 21:22:27,2023-08-18 21:26:50,,,EOVSA_20230818_C30flare
20230824155200,2023-08-24,15:52:00,C1.1,2023-08-24 15:52:10,2023-08-24 15:52:42,2023-08-24 15:54:58,,,EOVSA_20230824_C1flare
20230825010400,2023-08-25,01:04:00,M1.5,2023-08-25 01:02:00,2023-08-25 01:04:00,2023-08-25 01:06:00,,,EOVSA_20230825_M1flare
20230826214800,2023-08-26,21:48:00,C2.6,2023-08-26 21:48:14,2023-08-26 21:48:36,2023-08-26 21:50:16,,,EOVSA_20230826_C2flare
20230830171500,2023-08-30,17:15:00,C1.0,2023-08-30 17:14:36,2023-08-30 17:14:47,2023-08-30 17:15:05,,,EOVSA_20230830_Cflare
20230903001800,2023-09-03,00:18:00,M1.1,2023-09-03 00:17:02,2023-09-03 00:17:57,2023-09-03 00:23:03,,,EOVSA_20230903_M1flare
20230907190100,2023-09-07,19:01:00,M2.1,2023-09-07 19:01:04,2023-09-07 19:01:25,2023-09-07 19:24:00,,,EOVSA_20230907_M2flare
20230911211100,2023-09-11,21:11:00,C8.2,2023-09-11 21:10:14,2023-09-11 21:12:02,2023-09-11 21:14:59,,,EOVSA_20230911_C8flare
20230912215400,2023-09-12,21:54:00,C5.6,2023-09-12 21:53:42,2023-09-12 21:54:40,2023-09-12 21:59:32,,,EOVSA_20230912_C5flare
20230914193000,2023-09-14,19:30:00,M1.9,2023-09-14 19:29:57,2023-09-14 19:30:31,2023-09-14 19:34:28,,,EOVSA_20230914_M1flare
20230914212500,2023-09-14,21:25:00,M2.5,2023-09-14 21:20:27,2023-09-14 21:21:19,2023-09-14 21:26:48,,,EOVSA_20230914_M2flare
20230916155600,2023-09-16,15:56:00,C3.7,2023-09-16 15:50:30,2023-09-16 15:56:13,2023-09-16 15:59:12,,,EOVSA_20230916_C3flare
20230917160200,2023-09-17,16:02:00,C3.5,2023-09-17 16:00:54,2023-09-17 16:02:06,2023-09-17 16:03:21,,,EOVSA_20230917_C3flare
20230918202800,2023-09-18,20:28:00,C3.9,2023-09-18 20:26:59,2023-09-18 20:29:03,2023-09-18 20:40:52,,,EOVSA_20230918_C3flare
20230919200900,2023-09-19,20:09:00,M4.0,2023-09-19 20:08:14,2023-09-19 20:09:27,2023-09-19 20:17:24,,,EOVSA_20230919_M4flare
20230919223000,2023-09-19,22:30:00,C9.7,2023-09-19 22:27:01,2023-09-19 22:31:13,2023-09-19 22:35:31,,,EOVSA_20230919_C9flare
20230920183900,2023-09-20,18:39:00,C5.5,2023-09-20 18:38:15,2023-09-20 18:38:56,2023-09-20 18:39:51,,,EOVSA_20230920_C5flare
20230921195300,2023-09-21,19:53:00,B3.7,2023-09-21 19:50:44,2023-09-21 19:52:50,2023-09-21 19:54:59,,,EOVSA_20230921_Cflare
20230922170900,2023-09-22,17:09:00,M1.5,2023-09-22 17:08:55,2023-09-22 17:10:11,2023-09-22 17:14:49,,,EOVSA_20230922_M1flare
20230922192800,2023-09-22,19:28:00,C9.8,2023-09-22 19:27:58,2023-09-22 19:28:26,2023-09-22 19:29:38,,,EOVSA_20230922_C9flare
20230924145700,2023-09-24,14:57:00,M1.0,2023-09-24 14:55:49,2023-09-24 14:57:24,2023-09-24 14:59:35,,,EOVSA_20230924_M1flare
20230925185800,2023-09-25,18:58:00,C4.2,2023-09-25 18:57:32,2023-09-25 18:58:42,2023-09-25 19:01:40,,,EOVSA_20230925_C4flare
20230926161700,2023-09-26,16:17:00,C4.3,2023-09-26 16:16:27,2023-09-26 16:16:51,2023-09-26 16:18:16,,,EOVSA_20230926_C4flare
20230930160500,2023-09-30,16:05:00,C6.3,2023-09-30 16:04:21,2023-09-30 16:04:54,2023-09-30 16:06:03,,,EOVSA_20230930_C6flare
20231007232000,2023-10-07,23:20:00,C5.2,2023-10-07 23:17:13,2023-10-07 23:20:25,2023-10-07 23:21:02,,,EOVSA_20231007_C5flare
20231009190000,2023-10-09,19:00:00,C9.1,2023-10-09 18:59:09,2023-10-09 19:03:06,2023-10-09 19:05:21,,,EOVSA_20231009_C9flare
20231015163200,2023-10-15,16:32:00,C3.9,2023-10-15 16:29:08,2023-10-15 16:33:21,2023-10-15 16:35:03,,,EOVSA_20231015_C3flare
20231016160400,2023-10-16,16:04:00,C9.7,2023-10-16 16:03:48,2023-10-16 16:04:09,2023-10-16 16:05:19,,,EOVSA_20231016_C9flare
20231102191600,2023-11-02,19:16:00,M1.0,2023-11-02 19:15:20,2023-11-02 19:16:37,2023-11-02 19:18:03,,,EOVSA_20231102_M1flare
20231105174000,2023-11-05,17:40:00,C4.5,2023-11-05 17:30:32,2023-11-05 17:40:25,2023-11-05 17:42:51,,,EOVSA_20231105_C4flare
20231111164500,2023-11-11,16:45:00,C1.8,2023-11-11 16:43:24,2023-11-11 16:44:27,2023-11-11 16:45:01,,,EOVSA_20231111_C1flare
20231111180500,2023-11-11,18:05:00,C4.8,2023-11-11 18:04:04,2023-11-11 18:04:47,2023-11-11 18:05:03,,,EOVSA_20231111_C4flare
20231114230400,2023-11-14,23:04:00,M1.1,2023-11-14 23:03:39,2023-11-14 23:04:28,2023-11-14 23:07:34,,,EOVSA_20231114_M1flare
20231201192200,2023-12-01,19:22:00,C3.3,2023-12-01 19:21:00,2023-12-01 19:21:40,2023-12-01 19:31:31,,,EOVSA_20231201_C3flare
20231201211500,2023-12-01,21:15:00,M1.0,2023-12-01 21:13:08,2023-12-01 21:15:40,2023-12-01 21:17:41,,,EOVSA_20231201_M1flare
20231201215200,2023-12-01,21:52:00,C5.0,2023-12-01 21:51:48,2023-12-01 21:53:06,2023-12-01 21:54:39,,,EOVSA_20231201_C5flare
20231206185400,2023-12-06,18:54:00,C4.8,2023-12-06 18:53:26,2023-12-06 18:54:43,2023-12-06 18:55:57,,,EOVSA_20231206_C4flare
20231207181200,2023-12-07,18:12:00,C4.1,2023-12-07 18:11:25,2023-12-07 18:12:34,2023-12-07 18:15:43,,,EOVSA_20231207_C4flare
20231207205300,2023-12-07,20:53:00,C8.2,2023-12-07 20:53:03,2023-12-07 20:56:45,2023-12-07 20:59:10,,,EOVSA_20231207_C8flare
20231208230200,2023-12-08,23:02:00,M5.5,2023-12-08 23:02:50,2023-12-08 23:03:43,2023-12-08 23:15:14,,,EOVSA_20231208_M5flare
20231210224300,2023-12-10,22:43:00,M1.4,2023-12-10 22:42:39,2023-12-10 22:43:09,2023-12-10 22:43:59,,,EOVSA_20231210_M1flare
20231214170000,2023-12-14,17:00:00,X2.7,2023-12-14 17:30:37,2023-12-14 17:32:00,2023-12-14 18:00:15,,,EOVSA_20231214_X2decay
20231215212000,2023-12-15,21:20:00,C5.5,2023-12-15 21:18:46,2023-12-15 21:20:26,2023-12-15 21:21:47,,,EOVSA_20231215_C5flare
20231220184200,2023-12-20,18:42:00,C7.3,2023-12-20 18:40:00,2023-12-20 18:42:00,2023-12-20 18:44:00,,,EOVSA_20231220_C7flare
20231221212000,2023-12-21,21:20:00,C4.0,2023-12-21 21:20:10,2023-12-21 21:20:44,2023-12-21 21:22:02,,,EOVSA_20231221_C4flare
20231224164300,2023-12-24,16:43:00,M2.7,2023-12-24 16:43:08,2023-12-24 16:43:20,2023-12-24 16:47:27,,,EOVSA_20231224_M2flare
20231231190100,2023-12-31,19:01:00,M1.0,2023-12-31 19:00:52,2023-12-31 19:02:38,2023-12-31 19:05:05,,,EOVSA_20231231_M1flare
20231231203000,2023-12-31,20:30:00,C6.6,2023-12-31 20:30:24,2023-12-31 20:31:17,2023-12-31 20:36:49,,,EOVSA_20231231_C6flare
20231231214000,2023-12-31,21:40:00,X5.0,2023-12-31 21:38:04,2023-12-31 21:45:29,2023-12-31 22:04:31,,,EOVSA_20231231_X5flare
20240102181000,2024-01-02,18:10:00,M1.2,2024-01-02 18:07:41,2024-01-02 18:10:54,2024-01-02 18:13:57,-794.3,121.3,EOVSA_20240102_M1flare
20240102220100,2024-01-02,22:01:00,C1.1,2024-01-02 22:00:27,2024-01-02 22:01:13,2024-01-02 22:04:08,-771.7,92.0,EOVSA_20240102_C1flare
20240103175000,2024-01-03,17:50:00,B8.9,2024-01-03 17:49:36,2024-01-03 17:49:59,2024-01-03 17:50:33,-636.5,109.4,EOVSA_20240103_B8flare
20240103194500,2024-01-03,19:45:00,C2.1,2024-01-03 19:44:01,2024-01-03 19:43:35,2024-01-03 19:44:42,,,EOVSA_20240103_C2flare
20240106163000,2024-01-06,16:30:00,C2.4,2024-01-06 16:28:28,2024-01-06 16:29:06,2024-01-06 16:31:03,-830.3,-245.8,EOVSA_20240106_C2flare
20240106215700,2024-01-06,21:57:00,C1.8,2024-01-06 21:56:57,2024-01-06 21:57:40,2024-01-06 22:01:36,,,EOVSA_20240106_C1flare
20240110182000,2024-01-10,18:20:00,C2.8,2024-01-10 18:19:34,2024-01-10 18:20:02,2024-01-10 18:21:48,,,EOVSA_20240110_C2flare
20240110190000,2024-01-10,19:00:00,C6.5,2024-01-10 19:00:39,2024-01-10 19:02:38,2024-01-10 19:08:08,757.0,184.8,EOVSA_20240110_C6flare
20240111175100,2024-01-11,17:51:00,M1.5,2024-01-11 17:50:24,2024-01-11 17:50:54,2024-01-11 17:52:57,,,EOVSA_20240111_M1flare
20240111201200,2024-01-11,20:12:00,C7.9,2024-01-11 20:10:41,2024-01-11 20:11:51,2024-01-11 20:12:09,,,EOVSA_20240111_C7flare
20240121201200,2024-01-21,20:12:00,C5.8,2024-01-21 20:08:42,2024-01-21 20:09:16,2024-01-21 20:11:23,,,EOVSA_20240121_C5flare
20240122191800,2024-01-22,19:18:00,M1.0,2024-01-22 19:20:24,2024-01-22 19:20:51,2024-01-22 19:22:20,-237.2,510.2,EOVSA_20240122_M1flare
20240122212000,2024-01-22,21:20:00,M3.4,2024-01-22 21:19:12,2024-01-22 21:19:56,2024-01-22 21:28:11,453.2,-216.1,EOVSA_20240122_M3flare
20240122214000,2024-01-22,21:40:00,M1.6,2024-01-22 21:39:34,2024-01-22 21:41:57,2024-01-22 21:49:59,459.1,-215.2,EOVSA_20240122_M16flare
20240123163700,2024-01-23,16:37:00,M4.3,2024-01-23 16:37:48,2024-01-23 16:38:49,2024-01-23 16:48:27,570.7,-247.7,EOVSA_20240123_M4flare
20240123173800,2024-01-23,17:38:00,C7.3,2024-01-23 17:33:19,2024-01-23 17:37:44,2024-01-23 17:38:37,,,EOVSA_20240123_C7flare
20240123210300,2024-01-23,21:03:00,C4.9,2024-01-23 21:00:31,2024-01-23 21:03:04,2024-01-23 21:07:46,,,EOVSA_20240123_C4flare
20240124210800,2024-01-24,21:08:00,M1.3,2024-01-24 21:06:32,2024-01-24 21:06:23,2024-01-24 21:08:26,801.0,-229.0,EOVSA_20240124_M1flare
20240129163800,2024-01-29,16:38:00,C5.9,2024-01-29 16:36:38,2024-01-29 16:37:46,2024-01-29 16:39:40,,,EOVSA_20240129_C5flare
20240129223100,2024-01-29,22:31:00,C1.8,2024-01-29 22:30:50,2024-01-29 22:31:14,2024-01-29 22:31:50,,,EOVSA_20240129_C1flare
20240130173700,2024-01-30,17:37:00,C5.7,2024-01-30 17:36:45,2024-01-30 17:37:23,2024-01-30 17:39:13,,,EOVSA_20240130_C5flare
20240201223300,2024-02-01,22:33:00,C1.2,2024-02-01 22:32:58,2024-02-01 22:33:41,2024-02-01 22:34:34,,,EOVSA_20240201_C1flare
20240202163000,2024-02-02,16:30:00,C3.2,2024-02-02 16:29:47,2024-02-02 16:30:24,2024-02-02 16:32:07,-778.9,-295.9,EOVSA_20240202_C3flare
20240202164700,2024-02-02,16:47:00,C2.6,2024-02-02 16:47:11,2024-02-02 16:47:57,2024-02-02 16:50:27,,,EOVSA_20240202_C2flare
20240204205500,2024-02-04,20:55:00,M1.3,2024-02-04 20:55:19,2024-02-04 20:56:16,2024-02-04 21:07:28,-890.9,-293.7,EOVSA_20240204_M1flare
20240204222700,2024-02-04,22:27:00,M2.7,2024-02-04 22:25:15,2024-02-04 22:30:43,2024-02-04 22:42:51,-924.2,-219.5,EOVSA_20240204_M2flare
20240205230600,2024-02-05,23:06:00,C6.1,2024-02-05 23:02:40,2024-02-05 23:06:28,2024-02-05 23:10:46,-761.5,-245.2,EOVSA_20240205_C6flare
20240206173400,2024-02-06,17:34:00,C3.3,2024-02-06 17:30:43,2024-02-06 17:35:11,2024-02-06 17:46:13,-713.0,-186.2,EOVSA_20240206_C3flare
20240206184500,2024-02-06,18:45:00,M1.3,2024-02-06 18:39:11,2024-02-06 18:48:24,2024-02-06 18:54:27,718.5,-575.2,EOVSA_20240206_M1flare
20240207175200,2024-02-07,17:52:00,M1.4,2024-02-07 17:48:28,2024-02-07 17:52:11,2024-02-07 17:57:36,-545.8,-176.8,EOVSA_20240207_M1flare
20240207202500,2024-02-07,20:25:00,C3.4,2024-02-07 20:24:50,2024-02-07 20:25:20,2024-02-07 20:28:50,-486.2,-134.3,EOVSA_20240207_C3flare
20240208170500,2024-02-08,17:05:00,C7.0,2024-02-08 17:05:10,2024-02-08 17:05:33,2024-02-08 17:07:23,-356.2,-165.3,EOVSA_20240208_C7flare
20240208173600,2024-02-08,17:36:00,C2.4,2024-02-08 17:36:27,2024-02-08 17:36:42,2024-02-08 17:37:55,-333.6,-156.3,EOVSA_20240208_C2flare
20240208190200,2024-02-08,19:02:00,M1.3,2024-02-08 19:00:11,2024-02-08 19:01:53,2024-02-08 19:02:54,,,EOVSA_20240208_M1flare
20240208233200,2024-02-08,23:32:00,M4.0,2024-02-08 23:21:27,2024-02-08 23:32:12,2024-02-08 23:42:39,,,EOVSA_20240208_M4flare
20240209000900,2024-02-09,00:09:00,M4.0,2024-02-08 23:59:55,2024-02-09 00:16:24,2024-02-09 00:22:49,,,EOVSA_20240208_M4flare_decay
20240209172500,2024-02-09,17:25:00,C6.8,2024-02-09 17:24:58,2024-02-09 17:30:02,2024-02-09 17:32:29,-116.1,-170.9,EOVSA_20240209_C6flare
20240209175600,2024-02-09,17:56:00,M1.2,2024-02-09 17:55:27,2024-02-09 17:56:00,2024-02-09 18:02:03,-122.2,-141.9,EOVSA_20240209_M1flare
20240210181800,2024-02-10,18:18:00,C6.2,2024-02-10 18:18:01,2024-02-10 18:18:25,2024-02-10 18:21:43,41.5,-160.1,EOVSA_20240210_C6flare
20240210204600,2024-02-10,20:46:00,C2.7,2024-02-10 20:45:51,2024-02-10 20:46:49,2024-02-10 20:50:11,104.4,-173.0,EOVSA_20240210_C2flare
20240210210700,2024-02-10,21:07:00,C2.8,2024-02-10 21:06:36,2024-02-10 21:08:05,2024-02-10 21:09:24,174.5,-164.1,EOVSA_20240210_C2bflare
20240210224700,2024-02-10,22:47:00,C3.2,2024-02-10 22:46:24,2024-02-10 22:46:50,2024-02-10 22:48:54,75.6,-155.7,EOVSA_20240210_C3flare
20240210230400,2024-02-10,23:04:00,M9.0,2024-02-10 23:01:28,2024-02-10 23:04:23,2024-02-10 23:16:07,200.6,-93.0,EOVSA_20240210_M9flare
20240210235700,2024-02-10,23:57:00,C8.7,2024-02-10 23:55:00,2024-02-10 23:57:00,2024-02-10 23:59:00,200.6,-93.0,EOVSA_20240210_C8flare
20240211202000,2024-02-11,20:20:00,C2.1,2024-02-11 20:19:43,2024-02-11 20:24:53,2024-02-11 20:27:46,291.2,-173.5,EOVSA_20240211_C2flare
20240212155400,2024-02-12,15:54:00,M1.4,2024-02-12 15:45:31,2024-02-12 15:54:25,2024-02-12 15:54:37,,,EOVSA_20240212_M1flare
20240212173400,2024-02-12,17:34:00,C5.8,2024-02-12 17:33:43,2024-02-12 17:34:17,2024-02-12 17:38:58,521.8,-161.7,EOVSA_20240212_C5flare
